epoch,train/box_loss,train/cls_loss,train/dfl_loss,metrics/precision(B),metrics/recall(B),metrics/mAP50(B),metrics/mAP50-95(B),val/box_loss,val/cls_loss,val/dfl_loss,lr/pg0,lr/pg1,lr/pg2
1,3.812,4.526,3.104,0.312,0.298,0.276,0.142,3.941,4.702,3.221,0.00999,0.00999,0.00999
2,3.421,3.887,2.891,0.398,0.365,0.351,0.187,3.612,4.089,3.012,0.00990,0.00990,0.00990
3,3.156,3.412,2.734,0.452,0.411,0.402,0.221,3.344,3.612,2.867,0.00980,0.00980,0.00980
4,2.934,3.067,2.601,0.489,0.448,0.441,0.251,3.129,3.278,2.744,0.00970,0.00970,0.00970
5,2.762,2.798,2.489,0.518,0.476,0.472,0.276,2.961,3.021,2.641,0.00959,0.00959,0.00959
6,2.618,2.581,2.392,0.542,0.501,0.497,0.298,2.822,2.814,2.552,0.00947,0.00947,0.00947
7,2.497,2.402,2.308,0.563,0.522,0.519,0.317,2.706,2.643,2.476,0.00935,0.00935,0.00935
8,2.391,2.251,2.234,0.581,0.541,0.538,0.334,2.605,2.499,2.409,0.00922,0.00922,0.00922
9,2.298,2.121,2.169,0.597,0.557,0.554,0.349,2.517,2.376,2.351,0.00909,0.00909,0.00909
10,2.216,2.008,2.111,0.611,0.572,0.569,0.363,2.439,2.269,2.299,0.00895,0.00895,0.00895
11,2.143,1.909,2.059,0.624,0.585,0.582,0.375,2.371,2.176,2.253,0.00881,0.00881,0.00881
12,2.078,1.822,2.012,0.635,0.596,0.593,0.387,2.309,2.094,2.211,0.00866,0.00866,0.00866
13,2.019,1.745,1.969,0.646,0.607,0.604,0.397,2.254,2.021,2.174,0.00851,0.00851,0.00851
14,1.966,1.676,1.930,0.655,0.617,0.614,0.407,2.204,1.956,2.140,0.00836,0.00836,0.00836
15,1.917,1.614,1.894,0.664,0.626,0.623,0.416,2.158,1.897,2.109,0.00820,0.00820,0.00820
16,1.872,1.558,1.861,0.672,0.634,0.631,0.424,2.116,1.844,2.081,0.00804,0.00804,0.00804
17,1.831,1.507,1.831,0.679,0.641,0.639,0.432,2.078,1.796,2.055,0.00788,0.00788,0.00788
18,1.793,1.460,1.803,0.686,0.648,0.646,0.439,2.043,1.752,2.031,0.00771,0.00771,0.00771
19,1.757,1.417,1.777,0.692,0.655,0.652,0.446,2.011,1.712,2.010,0.00754,0.00754,0.00754
20,1.724,1.377,1.752,0.698,0.661,0.658,0.452,1.981,1.675,1.990,0.00737,0.00737,0.00737
21,1.694,1.340,1.729,0.703,0.667,0.664,0.458,1.954,1.641,1.972,0.00720,0.00720,0.00720
22,1.665,1.306,1.708,0.708,0.672,0.669,0.464,1.929,1.610,1.955,0.00702,0.00702,0.00702
23,1.638,1.273,1.688,0.713,0.677,0.674,0.469,1.905,1.581,1.939,0.00685,0.00685,0.00685
24,1.613,1.243,1.669,0.717,0.681,0.679,0.474,1.884,1.554,1.925,0.00667,0.00667,0.00667
25,1.590,1.215,1.651,0.721,0.686,0.683,0.478,1.864,1.529,1.911,0.00649,0.00649,0.00649
26,1.567,1.188,1.634,0.725,0.690,0.687,0.483,1.845,1.505,1.899,0.00631,0.00631,0.00631
27,1.546,1.163,1.618,0.729,0.693,0.691,0.487,1.828,1.483,1.887,0.00613,0.00613,0.00613
28,1.527,1.139,1.603,0.732,0.697,0.694,0.490,1.812,1.462,1.876,0.00595,0.00595,0.00595
29,1.508,1.116,1.589,0.735,0.700,0.698,0.494,1.797,1.443,1.866,0.00577,0.00577,0.00577
30,1.490,1.094,1.575,0.738,0.703,0.701,0.497,1.784,1.425,1.856,0.00559,0.00559,0.00559
31,1.474,1.074,1.562,0.741,0.706,0.704,0.500,1.771,1.408,1.848,0.00541,0.00541,0.00541
32,1.458,1.054,1.550,0.744,0.709,0.707,0.503,1.759,1.392,1.839,0.00523,0.00523,0.00523
33,1.443,1.035,1.538,0.746,0.711,0.709,0.506,1.748,1.377,1.831,0.00505,0.00505,0.00505
34,1.429,1.017,1.527,0.749,0.714,0.712,0.508,1.737,1.363,1.824,0.00487,0.00487,0.00487
35,1.416,1.000,1.516,0.751,0.716,0.714,0.511,1.727,1.349,1.817,0.00469,0.00469,0.00469
36,1.403,0.984,1.506,0.753,0.718,0.716,0.513,1.718,1.337,1.811,0.00451,0.00451,0.00451
37,1.391,0.968,1.496,0.755,0.720,0.719,0.516,1.710,1.325,1.805,0.00433,0.00433,0.00433
38,1.380,0.953,1.487,0.757,0.722,0.721,0.518,1.702,1.314,1.800,0.00416,0.00416,0.00416
39,1.369,0.939,1.478,0.759,0.724,0.723,0.520,1.694,1.303,1.795,0.00398,0.00398,0.00398
40,1.359,0.925,1.469,0.761,0.726,0.724,0.522,1.687,1.293,1.790,0.00381,0.00381,0.00381
41,1.349,0.912,1.461,0.762,0.728,0.726,0.523,1.681,1.284,1.786,0.00364,0.00364,0.00364
42,1.340,0.899,1.453,0.764,0.729,0.728,0.525,1.675,1.275,1.782,0.00347,0.00347,0.00347
43,1.331,0.887,1.446,0.765,0.731,0.729,0.527,1.669,1.267,1.778,0.00331,0.00331,0.00331
44,1.323,0.876,1.439,0.767,0.732,0.731,0.528,1.664,1.259,1.775,0.00314,0.00314,0.00314
45,1.315,0.865,1.432,0.768,0.734,0.732,0.530,1.659,1.252,1.772,0.00298,0.00298,0.00298
46,1.308,0.854,1.426,0.769,0.735,0.733,0.531,1.655,1.245,1.769,0.00283,0.00283,0.00283
47,1.301,0.844,1.420,0.771,0.736,0.735,0.532,1.651,1.239,1.767,0.00267,0.00267,0.00267
48,1.294,0.835,1.414,0.772,0.738,0.736,0.533,1.647,1.233,1.764,0.00252,0.00252,0.00252
49,1.288,0.826,1.409,0.773,0.739,0.737,0.535,1.643,1.227,1.762,0.00238,0.00238,0.00238
50,1.282,0.817,1.404,0.774,0.740,0.738,0.536,1.640,1.222,1.760,0.00223,0.00223,0.00223
51,1.276,0.809,1.399,0.775,0.741,0.739,0.537,1.637,1.217,1.759,0.00209,0.00209,0.00209
52,1.271,0.801,1.394,0.775,0.742,0.740,0.538,1.634,1.213,1.757,0.00196,0.00196,0.00196
53,1.266,0.793,1.390,0.776,0.743,0.741,0.539,1.632,1.209,1.756,0.00183,0.00183,0.00183
54,1.261,0.786,1.386,0.777,0.743,0.742,0.539,1.630,1.205,1.754,0.00170,0.00170,0.00170
55,1.257,0.779,1.382,0.778,0.744,0.742,0.540,1.628,1.202,1.753,0.00158,0.00158,0.00158
56,1.253,0.773,1.379,0.778,0.745,0.743,0.541,1.626,1.198,1.752,0.00146,0.00146,0.00146
57,1.249,0.767,1.375,0.779,0.745,0.744,0.541,1.624,1.196,1.751,0.00135,0.00135,0.00135
58,1.245,0.761,1.372,0.779,0.746,0.744,0.542,1.623,1.193,1.751,0.00124,0.00124,0.00124
59,1.242,0.755,1.369,0.780,0.746,0.745,0.542,1.621,1.190,1.750,0.00113,0.00113,0.00113
60,1.239,0.750,1.367,0.780,0.747,0.745,0.543,1.620,1.188,1.749,0.00103,0.00103,0.00103
61,1.236,0.745,1.364,0.781,0.747,0.746,0.543,1.619,1.186,1.749,0.00094,0.00094,0.00094
62,1.234,0.741,1.362,0.781,0.748,0.746,0.544,1.618,1.184,1.748,0.00085,0.00085,0.00085
63,1.231,0.737,1.360,0.782,0.748,0.746,0.544,1.617,1.183,1.748,0.00077,0.00077,0.00077
64,1.229,0.733,1.358,0.782,0.748,0.747,0.544,1.617,1.181,1.747,0.00069,0.00069,0.00069
65,1.227,0.730,1.357,0.782,0.749,0.747,0.545,1.616,1.180,1.747,0.00062,0.00062,0.00062